{
  "loss": [
    13.477380752563477,
    10.73171329498291,
    9.07543659210205,
    7.589457988739014,
    6.196828365325928,
    5.155883312225342,
    4.485785961151123,
    4.04923152923584,
    3.7414281368255615,
    3.489947557449341,
    3.2839715480804443,
    3.1196911334991455,
    2.990832805633545,
    2.8623106479644775,
    2.754844903945923,
    2.681251287460327,
    2.582097291946411,
    2.517364978790283,
    2.443824291229248,
    2.3936376571655273,
    2.352534055709839,
    2.302438497543335,
    2.25531268119812,
    2.2102549076080322,
    2.1715571880340576,
    2.1372199058532715,
    2.099243402481079,
    2.0673611164093018,
    2.036813735961914,
    2.0101442337036133,
    1.9971489906311035,
    1.9497557878494263,
    1.9305273294448853,
    1.906933307647705,
    1.6992065906524658,
    1.6313108205795288,
    1.6104315519332886,
    1.5918148756027222,
    1.5771344900131226,
    1.5491527318954468,
    1.5390160083770752,
    1.504028081893921,
    1.496091604232788,
    1.4861313104629517,
    1.4889670610427856,
    1.4771989583969116,
    1.4701508283615112,
    1.4611753225326538,
    1.4626848697662354,
    1.4621045589447021
  ],
  "val_loss": [
    11.747264862060547,
    9.602330207824707,
    8.011051177978516,
    6.471466064453125,
    4.82607889175415,
    4.107467174530029,
    3.557126522064209,
    3.2360825538635254,
    2.984971284866333,
    2.755768299102783,
    2.665914297103882,
    2.562039852142334,
    2.471550464630127,
    2.4595415592193604,
    2.3140010833740234,
    2.2874090671539307,
    2.2273380756378174,
    2.1530544757843018,
    2.133713483810425,
    2.18117618560791,
    2.060523509979248,
    2.0696475505828857,
    2.009726047515869,
    1.9787999391555786,
    1.9744739532470703,
    1.933176875114441,
    1.93069326877594,
    1.9047666788101196,
    1.9296303987503052,
    1.8822040557861328,
    1.9220539331436157,
    1.8682365417480469,
    1.8996609449386597,
    1.8730320930480957,
    1.7262425422668457,
    1.7322062253952026,
    1.7001996040344238,
    1.7050368785858154,
    1.6916520595550537,
    1.697593092918396,
    1.7032287120819092,
    1.670742392539978,
    1.6608763933181763,
    1.6551120281219482,
    1.6582298278808594,
    1.6567803621292114,
    1.6519830226898193,
    1.6538865566253662,
    1.657340168952942,
    1.6524670124053955
  ],
  "lr": [
    0.0010000000474974513,
    0.0010000000474974513,
    0.0010000000474974513,
    0.0010000000474974513,
    0.0010000000474974513,
    0.0010000000474974513,
    0.0010000000474974513,
    0.0010000000474974513,
    0.0010000000474974513,
    0.0010000000474974513,
    0.0010000000474974513,
    0.0010000000474974513,
    0.0010000000474974513,
    0.0010000000474974513,
    0.0010000000474974513,
    0.0010000000474974513,
    0.0010000000474974513,
    0.0010000000474974513,
    0.0010000000474974513,
    0.0010000000474974513,
    0.0010000000474974513,
    0.0010000000474974513,
    0.0010000000474974513,
    0.0010000000474974513,
    0.0010000000474974513,
    0.0010000000474974513,
    0.0010000000474974513,
    0.0010000000474974513,
    0.0010000000474974513,
    0.0010000000474974513,
    0.0010000000474974513,
    0.0010000000474974513,
    0.0010000000474974513,
    0.0010000000474974513,
    0.00020000000949949026,
    0.00020000000949949026,
    0.00020000000949949026,
    0.00020000000949949026,
    0.00020000000949949026,
    0.00020000000949949026,
    0.00020000000949949026,
    4.0000002627493814e-05,
    4.0000002627493814e-05,
    4.0000002627493814e-05,
    4.0000002627493814e-05,
    4.0000002627493814e-05,
    9.999999747378752e-06,
    9.999999747378752e-06,
    9.999999747378752e-06,
    9.999999747378752e-06
  ]
}